--
-- PostgreSQL database dump
--

-- Dumped from database version 12.14
-- Dumped by pg_dump version 12.14

SET statement_timeout = 0;
SET lock_timeout = 0;
SET idle_in_transaction_session_timeout = 0;
SET client_encoding = 'UTF8';
SET standard_conforming_strings = on;
SELECT pg_catalog.set_config('search_path', '', false);
SET check_function_bodies = false;
SET xmloption = content;
SET client_min_messages = warning;
SET row_security = off;

SET default_tablespace = '';

SET default_table_access_method = heap;

--
-- Name: auth_group; Type: TABLE; Schema: public; Owner: myusername
--

CREATE TABLE public.auth_group (
    id integer NOT NULL,
    name character varying(150) NOT NULL
);


ALTER TABLE public.auth_group OWNER TO myusername;

--
-- Name: auth_group_id_seq; Type: SEQUENCE; Schema: public; Owner: myusername
--

ALTER TABLE public.auth_group ALTER COLUMN id ADD GENERATED BY DEFAULT AS IDENTITY (
    SEQUENCE NAME public.auth_group_id_seq
    START WITH 1
    INCREMENT BY 1
    NO MINVALUE
    NO MAXVALUE
    CACHE 1
);


--
-- Name: auth_group_permissions; Type: TABLE; Schema: public; Owner: myusername
--

CREATE TABLE public.auth_group_permissions (
    id bigint NOT NULL,
    group_id integer NOT NULL,
    permission_id integer NOT NULL
);


ALTER TABLE public.auth_group_permissions OWNER TO myusername;

--
-- Name: auth_group_permissions_id_seq; Type: SEQUENCE; Schema: public; Owner: myusername
--

ALTER TABLE public.auth_group_permissions ALTER COLUMN id ADD GENERATED BY DEFAULT AS IDENTITY (
    SEQUENCE NAME public.auth_group_permissions_id_seq
    START WITH 1
    INCREMENT BY 1
    NO MINVALUE
    NO MAXVALUE
    CACHE 1
);


--
-- Name: auth_permission; Type: TABLE; Schema: public; Owner: myusername
--

CREATE TABLE public.auth_permission (
    id integer NOT NULL,
    name character varying(255) NOT NULL,
    content_type_id integer NOT NULL,
    codename character varying(100) NOT NULL
);


ALTER TABLE public.auth_permission OWNER TO myusername;

--
-- Name: auth_permission_id_seq; Type: SEQUENCE; Schema: public; Owner: myusername
--

ALTER TABLE public.auth_permission ALTER COLUMN id ADD GENERATED BY DEFAULT AS IDENTITY (
    SEQUENCE NAME public.auth_permission_id_seq
    START WITH 1
    INCREMENT BY 1
    NO MINVALUE
    NO MAXVALUE
    CACHE 1
);


--
-- Name: auth_user; Type: TABLE; Schema: public; Owner: myusername
--

CREATE TABLE public.auth_user (
    id integer NOT NULL,
    password character varying(128) NOT NULL,
    last_login timestamp with time zone,
    is_superuser boolean NOT NULL,
    username character varying(150) NOT NULL,
    first_name character varying(150) NOT NULL,
    last_name character varying(150) NOT NULL,
    email character varying(254) NOT NULL,
    is_staff boolean NOT NULL,
    is_active boolean NOT NULL,
    date_joined timestamp with time zone NOT NULL
);


ALTER TABLE public.auth_user OWNER TO myusername;

--
-- Name: auth_user_groups; Type: TABLE; Schema: public; Owner: myusername
--

CREATE TABLE public.auth_user_groups (
    id bigint NOT NULL,
    user_id integer NOT NULL,
    group_id integer NOT NULL
);


ALTER TABLE public.auth_user_groups OWNER TO myusername;

--
-- Name: auth_user_groups_id_seq; Type: SEQUENCE; Schema: public; Owner: myusername
--

ALTER TABLE public.auth_user_groups ALTER COLUMN id ADD GENERATED BY DEFAULT AS IDENTITY (
    SEQUENCE NAME public.auth_user_groups_id_seq
    START WITH 1
    INCREMENT BY 1
    NO MINVALUE
    NO MAXVALUE
    CACHE 1
);


--
-- Name: auth_user_id_seq; Type: SEQUENCE; Schema: public; Owner: myusername
--

ALTER TABLE public.auth_user ALTER COLUMN id ADD GENERATED BY DEFAULT AS IDENTITY (
    SEQUENCE NAME public.auth_user_id_seq
    START WITH 1
    INCREMENT BY 1
    NO MINVALUE
    NO MAXVALUE
    CACHE 1
);


--
-- Name: auth_user_user_permissions; Type: TABLE; Schema: public; Owner: myusername
--

CREATE TABLE public.auth_user_user_permissions (
    id bigint NOT NULL,
    user_id integer NOT NULL,
    permission_id integer NOT NULL
);


ALTER TABLE public.auth_user_user_permissions OWNER TO myusername;

--
-- Name: auth_user_user_permissions_id_seq; Type: SEQUENCE; Schema: public; Owner: myusername
--

ALTER TABLE public.auth_user_user_permissions ALTER COLUMN id ADD GENERATED BY DEFAULT AS IDENTITY (
    SEQUENCE NAME public.auth_user_user_permissions_id_seq
    START WITH 1
    INCREMENT BY 1
    NO MINVALUE
    NO MAXVALUE
    CACHE 1
);


--
-- Name: core_attendee; Type: TABLE; Schema: public; Owner: myusername
--

CREATE TABLE public.core_attendee (
    id integer NOT NULL,
    full_name character varying(100) NOT NULL,
    username character varying(20),
    gender text NOT NULL,
    "DoB" text NOT NULL,
    university_name character varying(200),
    major text NOT NULL
);


ALTER TABLE public.core_attendee OWNER TO myusername;

--
-- Name: core_attendee_id_seq; Type: SEQUENCE; Schema: public; Owner: myusername
--

ALTER TABLE public.core_attendee ALTER COLUMN id ADD GENERATED BY DEFAULT AS IDENTITY (
    SEQUENCE NAME public.core_attendee_id_seq
    START WITH 1
    INCREMENT BY 1
    NO MINVALUE
    NO MAXVALUE
    CACHE 1
);


--
-- Name: django_admin_log; Type: TABLE; Schema: public; Owner: myusername
--

CREATE TABLE public.django_admin_log (
    id integer NOT NULL,
    action_time timestamp with time zone NOT NULL,
    object_id text,
    object_repr character varying(200) NOT NULL,
    action_flag smallint NOT NULL,
    change_message text NOT NULL,
    content_type_id integer,
    user_id integer NOT NULL,
    CONSTRAINT django_admin_log_action_flag_check CHECK ((action_flag >= 0))
);


ALTER TABLE public.django_admin_log OWNER TO myusername;

--
-- Name: django_admin_log_id_seq; Type: SEQUENCE; Schema: public; Owner: myusername
--

ALTER TABLE public.django_admin_log ALTER COLUMN id ADD GENERATED BY DEFAULT AS IDENTITY (
    SEQUENCE NAME public.django_admin_log_id_seq
    START WITH 1
    INCREMENT BY 1
    NO MINVALUE
    NO MAXVALUE
    CACHE 1
);


--
-- Name: django_content_type; Type: TABLE; Schema: public; Owner: myusername
--

CREATE TABLE public.django_content_type (
    id integer NOT NULL,
    app_label character varying(100) NOT NULL,
    model character varying(100) NOT NULL
);


ALTER TABLE public.django_content_type OWNER TO myusername;

--
-- Name: django_content_type_id_seq; Type: SEQUENCE; Schema: public; Owner: myusername
--

ALTER TABLE public.django_content_type ALTER COLUMN id ADD GENERATED BY DEFAULT AS IDENTITY (
    SEQUENCE NAME public.django_content_type_id_seq
    START WITH 1
    INCREMENT BY 1
    NO MINVALUE
    NO MAXVALUE
    CACHE 1
);


--
-- Name: django_migrations; Type: TABLE; Schema: public; Owner: myusername
--

CREATE TABLE public.django_migrations (
    id bigint NOT NULL,
    app character varying(255) NOT NULL,
    name character varying(255) NOT NULL,
    applied timestamp with time zone NOT NULL
);


ALTER TABLE public.django_migrations OWNER TO myusername;

--
-- Name: django_migrations_id_seq; Type: SEQUENCE; Schema: public; Owner: myusername
--

ALTER TABLE public.django_migrations ALTER COLUMN id ADD GENERATED BY DEFAULT AS IDENTITY (
    SEQUENCE NAME public.django_migrations_id_seq
    START WITH 1
    INCREMENT BY 1
    NO MINVALUE
    NO MAXVALUE
    CACHE 1
);


--
-- Name: django_session; Type: TABLE; Schema: public; Owner: myusername
--

CREATE TABLE public.django_session (
    session_key character varying(40) NOT NULL,
    session_data text NOT NULL,
    expire_date timestamp with time zone NOT NULL
);


ALTER TABLE public.django_session OWNER TO myusername;

--
-- Data for Name: auth_group; Type: TABLE DATA; Schema: public; Owner: myusername
--

COPY public.auth_group (id, name) FROM stdin;
\.


--
-- Data for Name: auth_group_permissions; Type: TABLE DATA; Schema: public; Owner: myusername
--

COPY public.auth_group_permissions (id, group_id, permission_id) FROM stdin;
\.


--
-- Data for Name: auth_permission; Type: TABLE DATA; Schema: public; Owner: myusername
--

COPY public.auth_permission (id, name, content_type_id, codename) FROM stdin;
1	Can add log entry	1	add_logentry
2	Can change log entry	1	change_logentry
3	Can delete log entry	1	delete_logentry
4	Can view log entry	1	view_logentry
5	Can add permission	2	add_permission
6	Can change permission	2	change_permission
7	Can delete permission	2	delete_permission
8	Can view permission	2	view_permission
9	Can add group	3	add_group
10	Can change group	3	change_group
11	Can delete group	3	delete_group
12	Can view group	3	view_group
13	Can add user	4	add_user
14	Can change user	4	change_user
15	Can delete user	4	delete_user
16	Can view user	4	view_user
17	Can add content type	5	add_contenttype
18	Can change content type	5	change_contenttype
19	Can delete content type	5	delete_contenttype
20	Can view content type	5	view_contenttype
21	Can add session	6	add_session
22	Can change session	6	change_session
23	Can delete session	6	delete_session
24	Can view session	6	view_session
25	Can add attendee	7	add_attendee
26	Can change attendee	7	change_attendee
27	Can delete attendee	7	delete_attendee
28	Can view attendee	7	view_attendee
\.


--
-- Data for Name: auth_user; Type: TABLE DATA; Schema: public; Owner: myusername
--

COPY public.auth_user (id, password, last_login, is_superuser, username, first_name, last_name, email, is_staff, is_active, date_joined) FROM stdin;
1	pbkdf2_sha256$600000$0M0ObhaRqLPkomdzqdRGQC$76gP3XxEpSjPwtyTz7dyTlAZVoN+5eI71fTV7qHE9ew=	2023-05-10 09:26:34.23439+00	t	admin			admin@gmail.com	t	t	2023-05-10 09:26:00.152914+00
\.


--
-- Data for Name: auth_user_groups; Type: TABLE DATA; Schema: public; Owner: myusername
--

COPY public.auth_user_groups (id, user_id, group_id) FROM stdin;
\.


--
-- Data for Name: auth_user_user_permissions; Type: TABLE DATA; Schema: public; Owner: myusername
--

COPY public.auth_user_user_permissions (id, user_id, permission_id) FROM stdin;
\.


--
-- Data for Name: core_attendee; Type: TABLE DATA; Schema: public; Owner: myusername
--

COPY public.core_attendee (id, full_name, username, gender, "DoB", university_name, major) FROM stdin;
1	Bùi Minh Sơn	sonbm	Nam	2002	Đại học Công nghệ - Đại học Quốc gia Hà Nội	Công Nghệ Thông tin
2	Đào Đại Hiệp	hiepdd	Nam	2001	Đại học Bách khoa Hà Nội	Điện tử viễn thông
3	Đỗ Anh Tú	tuda	Nam	2002	Đại học Công nghệ - Đại học Quốc gia Hà Nội	Mạng máy tính và truyền thông dữ liệu
4	Đỗ Bảo Hoàng	hoangdb	Nam	1997	Đại học CNTT, cơ khí & quang học St.Petersburg LB Nga	An toàn thông tin
5	Hoàng Quốc Doanh	doanhq	Nam	2001	Đại học Bách khoa Hà Nội	NULL
6	Lê Minh Đức	duclm	Nam	2002	Đại học Bách khoa Hà Nội	Công nghệ thông tin
7	Lê Phúc Lai	lailp	Nam	2002	Đại học Bách khoa Hà Nội	Điện tử viễn thông
8	Lê Quang Anh	anhlq	Nam	1997	Đại học CNTT, cơ khí & quang học St.Petersburg LB Nga	An toàn thông tin
9	Lê Trọng Minh	minhlt	Nam	2000	Đại học CNTT, cơ khí & quang học St.Petersburg LB Nga	Kỹ thuật điều khiển và tự động hóa
10	Lê Tùng Lâm	lamlt	Nam	1999	Đại học Bách khoa Hà Nội	Khoa học máy tính
11	Lê Văn Chiến	chienlv	Nam	2002	Đại học Công nghệ - Đại học Quốc gia Hà Nội	Kỹ thuật hàng không vũ trụ
12	Nguyễn Thị Linh	linhnt	Nữ	2002	Đại học Bách khoa Hà Nội	ICT
13	Nguyễn Đại An	Annd	Nam	2023	Đại học Bách khoa Hà Nội	Khoa học máy tính
14	Nguyễn Đình Hoàng	hoangnd	Nam	2002	Đại học Công nghệ - Đại học Quốc gia Hà Nội	Công nghệ thông tin
15	Nguyễn Đức Vinh	vinhnd	Nam	2002	Học viện Công nghệ Bưu chính Viễn thông	Công nghệ thông tin
16	Nguyễn Dương Long	longnd	Nam	2002	Đại học Thủy Lợi	Công nghệ thông tin
17	Nguyễn Hữu Thắng	thangnh	Nam	2000	Đại học Bách khoa Hà Nội	Khoa học máy tính
18	Nguyễn Mạnh Cường	cuongnm	Nam	2002	Học viện Kỹ thuật mật mã	An toàn thông tin
19	Nguyễn Ngọc Chung	chungnm	Nam	2002	Học viện Công nghệ Bưu chính Viễn thông HCM	NULL
20	Nguyễn Tuấn Anh	anhnt	Nam	1997	Đại học CNTT, cơ khí & quang học St.Petersburg LB Nga	An toàn thông tin
21	Nguyễn Văn Quang	quangnv	Nam	1997	Đại học CNTT, cơ khí & quang học St.Petersburg LB Nga	An toàn thông tin
22	Ninh Chí Hướng	huongnc	Nam	2002	Học viện Công nghệ Bưu chính Viễn thông	An toàn thông tin
23	Ninh Văn Nghĩa	nghianv	Nam	2001	Đại học Bách khoa Hà Nội	Khoa học máy tính
24	Phạm Anh Đức	ducpa	Nam	2001	Đại học Bách khoa Hà Nội	Toán ứng dụng và tin học
25	Phạm Duy Cương	cuongnd	Nam	1997	Đại học CNTT, cơ khí & quang học St.Petersburg LB Nga	Công nghệ điện tử
26	Phạm Hồng Thanh	thanhph	Nam	1998	Swinburne University	Phát triển phần mềm
27	Phạm Thị Khánh Linh	linhptk	Nữ	2002	Đại học Công nghệ - Đại học Quốc gia Hà Nội	Mạnh máy tính và truyền thông dữ liệu
28	Phạm Văn Tới	toipv	Nam	2002	Học viện Công nghệ Bưu chính Viễn thông	Công nghệ thông tin
29	Trần Đức Mạnh	manhtd	Nam	1998	Đại học CNTT, cơ khí & quang học St.Petersburg LB Nga	Bảo mật thông tin
30	Trần Mạnh Dũng	dungtm	Nam	2001	Học viện Công nghệ Bưu chính Viễn thông	Điện tử viễn thông
31	Trần Minh Dương	duongtm	Nam	2002	Đại học Công nghệ - Đại học Quốc gia Hà Nội	Mạng máy tính và truyền thông dữ liệu
32	Trần Xuân Phú	phutx	Nam	2001	Đại học Công nghệ - Đại học Quốc gia HCM	Khoa học máy tính
33	Vũ Hoàng Long	longvh	Nam	2001	Đại học Bách khoa Hà Nội	Khoa học máy tính
34	Vũ Minh Hiếu	hieuvm	Nam	2000	Đại học CNTT, cơ khí & quang học St.Petersburg LB Nga	Kỹ thuật phần mềm
35	Nguyễn Mạnh Đức	ducnm	Nam	2002	Học viện Kỹ thuật mật mã	An toàn thông tin
\.


--
-- Data for Name: django_admin_log; Type: TABLE DATA; Schema: public; Owner: myusername
--

COPY public.django_admin_log (id, action_time, object_id, object_repr, action_flag, change_message, content_type_id, user_id) FROM stdin;
1	2023-05-10 09:28:28.060103+00	1	Bùi Minh Sơn	1	[{"added": {}}]	7	1
2	2023-05-10 09:29:22.087033+00	2	Đào Đại Hiệp	1	[{"added": {}}]	7	1
3	2023-05-10 09:30:57.396492+00	3	Đỗ Anh Tú	1	[{"added": {}}]	7	1
4	2023-05-10 09:32:47.170875+00	4	Đỗ Bảo Hoàng	1	[{"added": {}}]	7	1
5	2023-05-10 09:33:29.157952+00	5	Hoàng Quốc Doanh	1	[{"added": {}}]	7	1
6	2023-05-10 09:34:29.189825+00	6	Lê Minh Đức	1	[{"added": {}}]	7	1
7	2023-05-10 09:35:16.457896+00	7	Lê Phúc Lai	1	[{"added": {}}]	7	1
8	2023-05-10 09:35:52.637153+00	8	Lê Quang Anh	1	[{"added": {}}]	7	1
9	2023-05-10 09:36:32.756082+00	9	Lê Trọng Minh	1	[{"added": {}}]	7	1
10	2023-05-10 09:37:08.488069+00	10	Lê Tùng Lâm	1	[{"added": {}}]	7	1
11	2023-05-10 09:37:44.987116+00	11	Lê Văn Chiến	1	[{"added": {}}]	7	1
12	2023-05-10 09:38:13.66648+00	12	Nguyễn Thị Linh	1	[{"added": {}}]	7	1
13	2023-05-10 09:38:50.07274+00	13	Nguyễn Đại An	1	[{"added": {}}]	7	1
14	2023-05-10 09:39:30.833626+00	14	Nguyễn Đình Hoàng	1	[{"added": {}}]	7	1
15	2023-05-10 09:40:19.0604+00	15	Nguyễn Đức Vinh	1	[{"added": {}}]	7	1
16	2023-05-10 09:40:57.678719+00	16	Nguyễn Dương Long	1	[{"added": {}}]	7	1
17	2023-05-10 09:41:44.356129+00	17	Nguyễn Hữu Thắng	1	[{"added": {}}]	7	1
18	2023-05-10 09:42:22.959508+00	18	Nguyễn Mạnh Cường	1	[{"added": {}}]	7	1
19	2023-05-10 09:43:03.069595+00	19	Nguyễn Ngọc Chung	1	[{"added": {}}]	7	1
20	2023-05-10 09:43:30.155536+00	20	Nguyễn Tuấn Anh	1	[{"added": {}}]	7	1
21	2023-05-10 09:44:03.446439+00	21	Nguyễn Văn Quang	1	[{"added": {}}]	7	1
22	2023-05-10 09:44:29.203594+00	22	Ninh Chí Hướng	1	[{"added": {}}]	7	1
23	2023-05-10 09:45:05.809146+00	23	Ninh Văn Nghĩa	1	[{"added": {}}]	7	1
24	2023-05-10 09:45:35.970005+00	24	Phạm Anh Đức	1	[{"added": {}}]	7	1
25	2023-05-10 09:46:06.313214+00	25	Phạm Duy Cương	1	[{"added": {}}]	7	1
26	2023-05-10 09:46:47.94593+00	26	Phạm Hồng Thanh	1	[{"added": {}}]	7	1
27	2023-05-10 09:47:35.216547+00	27	Phạm Thị Khánh Linh	1	[{"added": {}}]	7	1
28	2023-05-10 09:48:04.847626+00	28	Phạm Văn Tới	1	[{"added": {}}]	7	1
29	2023-05-10 09:48:38.621366+00	29	Trần Đức Mạnh	1	[{"added": {}}]	7	1
30	2023-05-10 09:49:03.588407+00	30	Trần Mạnh Dũng	1	[{"added": {}}]	7	1
31	2023-05-10 09:49:44.551008+00	31	Trần Minh Dương	1	[{"added": {}}]	7	1
32	2023-05-10 09:50:30.205573+00	32	Trần Xuân Phú	1	[{"added": {}}]	7	1
33	2023-05-10 09:50:52.688474+00	33	Vũ Hoàng Long	1	[{"added": {}}]	7	1
34	2023-05-10 09:51:22.285168+00	34	Vũ Minh Hiếu	1	[{"added": {}}]	7	1
35	2023-05-10 09:52:59.108066+00	35	Nguyễn Mạnh Đức	1	[{"added": {}}]	7	1
\.


--
-- Data for Name: django_content_type; Type: TABLE DATA; Schema: public; Owner: myusername
--

COPY public.django_content_type (id, app_label, model) FROM stdin;
1	admin	logentry
2	auth	permission
3	auth	group
4	auth	user
5	contenttypes	contenttype
6	sessions	session
7	core	attendee
\.


--
-- Data for Name: django_migrations; Type: TABLE DATA; Schema: public; Owner: myusername
--

COPY public.django_migrations (id, app, name, applied) FROM stdin;
1	contenttypes	0001_initial	2023-05-10 09:23:19.342265+00
2	auth	0001_initial	2023-05-10 09:23:19.506048+00
3	admin	0001_initial	2023-05-10 09:23:19.551377+00
4	admin	0002_logentry_remove_auto_add	2023-05-10 09:23:19.562537+00
5	admin	0003_logentry_add_action_flag_choices	2023-05-10 09:23:19.57603+00
6	contenttypes	0002_remove_content_type_name	2023-05-10 09:23:19.602603+00
7	auth	0002_alter_permission_name_max_length	2023-05-10 09:23:19.619904+00
8	auth	0003_alter_user_email_max_length	2023-05-10 09:23:19.645409+00
9	auth	0004_alter_user_username_opts	2023-05-10 09:23:19.660153+00
10	auth	0005_alter_user_last_login_null	2023-05-10 09:23:19.676709+00
11	auth	0006_require_contenttypes_0002	2023-05-10 09:23:19.690203+00
12	auth	0007_alter_validators_add_error_messages	2023-05-10 09:23:19.707565+00
13	auth	0008_alter_user_username_max_length	2023-05-10 09:23:19.729622+00
14	auth	0009_alter_user_last_name_max_length	2023-05-10 09:23:19.745164+00
15	auth	0010_alter_group_name_max_length	2023-05-10 09:23:19.762489+00
16	auth	0011_update_proxy_permissions	2023-05-10 09:23:19.780598+00
17	auth	0012_alter_user_first_name_max_length	2023-05-10 09:23:19.801527+00
18	core	0001_initial	2023-05-10 09:23:19.825691+00
19	sessions	0001_initial	2023-05-10 09:23:19.862328+00
\.


--
-- Data for Name: django_session; Type: TABLE DATA; Schema: public; Owner: myusername
--

COPY public.django_session (session_key, session_data, expire_date) FROM stdin;
ejqdxb2xzwd3uuhgaftnupo07qmy7ax6	.eJxVjDEOgzAQBP_iOrJ8Z2PjlOl5g3X2HYEkAglDFeXvAYkiKbbZmd23SrStQ9qqLGlkdVWgLr9dpvKU6QD8oOk-6zJP6zJmfSj6pFV3M8vrdrp_BwPVYV9bZiDnI6GP0BC6toApxrjQc-NBnGltL3YPRu-DIUHEFgk42JgzqM8Xwy82_g:1pwg5i:Q72Q_Qa4YZT_anA05_-q4Z-ZU2SezKXAf7MEFGXMOsM	2023-05-24 09:26:34.238704+00
\.


--
-- Name: auth_group_id_seq; Type: SEQUENCE SET; Schema: public; Owner: myusername
--

SELECT pg_catalog.setval('public.auth_group_id_seq', 1, false);


--
-- Name: auth_group_permissions_id_seq; Type: SEQUENCE SET; Schema: public; Owner: myusername
--

SELECT pg_catalog.setval('public.auth_group_permissions_id_seq', 1, false);


--
-- Name: auth_permission_id_seq; Type: SEQUENCE SET; Schema: public; Owner: myusername
--

SELECT pg_catalog.setval('public.auth_permission_id_seq', 28, true);


--
-- Name: auth_user_groups_id_seq; Type: SEQUENCE SET; Schema: public; Owner: myusername
--

SELECT pg_catalog.setval('public.auth_user_groups_id_seq', 1, false);


--
-- Name: auth_user_id_seq; Type: SEQUENCE SET; Schema: public; Owner: myusername
--

SELECT pg_catalog.setval('public.auth_user_id_seq', 1, true);


--
-- Name: auth_user_user_permissions_id_seq; Type: SEQUENCE SET; Schema: public; Owner: myusername
--

SELECT pg_catalog.setval('public.auth_user_user_permissions_id_seq', 1, false);


--
-- Name: core_attendee_id_seq; Type: SEQUENCE SET; Schema: public; Owner: myusername
--

SELECT pg_catalog.setval('public.core_attendee_id_seq', 35, true);


--
-- Name: django_admin_log_id_seq; Type: SEQUENCE SET; Schema: public; Owner: myusername
--

SELECT pg_catalog.setval('public.django_admin_log_id_seq', 35, true);


--
-- Name: django_content_type_id_seq; Type: SEQUENCE SET; Schema: public; Owner: myusername
--

SELECT pg_catalog.setval('public.django_content_type_id_seq', 7, true);


--
-- Name: django_migrations_id_seq; Type: SEQUENCE SET; Schema: public; Owner: myusername
--

SELECT pg_catalog.setval('public.django_migrations_id_seq', 19, true);


--
-- Name: auth_group auth_group_name_key; Type: CONSTRAINT; Schema: public; Owner: myusername
--

ALTER TABLE ONLY public.auth_group
    ADD CONSTRAINT auth_group_name_key UNIQUE (name);


--
-- Name: auth_group_permissions auth_group_permissions_group_id_permission_id_0cd325b0_uniq; Type: CONSTRAINT; Schema: public; Owner: myusername
--

ALTER TABLE ONLY public.auth_group_permissions
    ADD CONSTRAINT auth_group_permissions_group_id_permission_id_0cd325b0_uniq UNIQUE (group_id, permission_id);


--
-- Name: auth_group_permissions auth_group_permissions_pkey; Type: CONSTRAINT; Schema: public; Owner: myusername
--

ALTER TABLE ONLY public.auth_group_permissions
    ADD CONSTRAINT auth_group_permissions_pkey PRIMARY KEY (id);


--
-- Name: auth_group auth_group_pkey; Type: CONSTRAINT; Schema: public; Owner: myusername
--

ALTER TABLE ONLY public.auth_group
    ADD CONSTRAINT auth_group_pkey PRIMARY KEY (id);


--
-- Name: auth_permission auth_permission_content_type_id_codename_01ab375a_uniq; Type: CONSTRAINT; Schema: public; Owner: myusername
--

ALTER TABLE ONLY public.auth_permission
    ADD CONSTRAINT auth_permission_content_type_id_codename_01ab375a_uniq UNIQUE (content_type_id, codename);


--
-- Name: auth_permission auth_permission_pkey; Type: CONSTRAINT; Schema: public; Owner: myusername
--

ALTER TABLE ONLY public.auth_permission
    ADD CONSTRAINT auth_permission_pkey PRIMARY KEY (id);


--
-- Name: auth_user_groups auth_user_groups_pkey; Type: CONSTRAINT; Schema: public; Owner: myusername
--

ALTER TABLE ONLY public.auth_user_groups
    ADD CONSTRAINT auth_user_groups_pkey PRIMARY KEY (id);


--
-- Name: auth_user_groups auth_user_groups_user_id_group_id_94350c0c_uniq; Type: CONSTRAINT; Schema: public; Owner: myusername
--

ALTER TABLE ONLY public.auth_user_groups
    ADD CONSTRAINT auth_user_groups_user_id_group_id_94350c0c_uniq UNIQUE (user_id, group_id);


--
-- Name: auth_user auth_user_pkey; Type: CONSTRAINT; Schema: public; Owner: myusername
--

ALTER TABLE ONLY public.auth_user
    ADD CONSTRAINT auth_user_pkey PRIMARY KEY (id);


--
-- Name: auth_user_user_permissions auth_user_user_permissions_pkey; Type: CONSTRAINT; Schema: public; Owner: myusername
--

ALTER TABLE ONLY public.auth_user_user_permissions
    ADD CONSTRAINT auth_user_user_permissions_pkey PRIMARY KEY (id);


--
-- Name: auth_user_user_permissions auth_user_user_permissions_user_id_permission_id_14a6b632_uniq; Type: CONSTRAINT; Schema: public; Owner: myusername
--

ALTER TABLE ONLY public.auth_user_user_permissions
    ADD CONSTRAINT auth_user_user_permissions_user_id_permission_id_14a6b632_uniq UNIQUE (user_id, permission_id);


--
-- Name: auth_user auth_user_username_key; Type: CONSTRAINT; Schema: public; Owner: myusername
--

ALTER TABLE ONLY public.auth_user
    ADD CONSTRAINT auth_user_username_key UNIQUE (username);


--
-- Name: core_attendee core_attendee_pkey; Type: CONSTRAINT; Schema: public; Owner: myusername
--

ALTER TABLE ONLY public.core_attendee
    ADD CONSTRAINT core_attendee_pkey PRIMARY KEY (id);


--
-- Name: django_admin_log django_admin_log_pkey; Type: CONSTRAINT; Schema: public; Owner: myusername
--

ALTER TABLE ONLY public.django_admin_log
    ADD CONSTRAINT django_admin_log_pkey PRIMARY KEY (id);


--
-- Name: django_content_type django_content_type_app_label_model_76bd3d3b_uniq; Type: CONSTRAINT; Schema: public; Owner: myusername
--

ALTER TABLE ONLY public.django_content_type
    ADD CONSTRAINT django_content_type_app_label_model_76bd3d3b_uniq UNIQUE (app_label, model);


--
-- Name: django_content_type django_content_type_pkey; Type: CONSTRAINT; Schema: public; Owner: myusername
--

ALTER TABLE ONLY public.django_content_type
    ADD CONSTRAINT django_content_type_pkey PRIMARY KEY (id);


--
-- Name: django_migrations django_migrations_pkey; Type: CONSTRAINT; Schema: public; Owner: myusername
--

ALTER TABLE ONLY public.django_migrations
    ADD CONSTRAINT django_migrations_pkey PRIMARY KEY (id);


--
-- Name: django_session django_session_pkey; Type: CONSTRAINT; Schema: public; Owner: myusername
--

ALTER TABLE ONLY public.django_session
    ADD CONSTRAINT django_session_pkey PRIMARY KEY (session_key);


--
-- Name: auth_group_name_a6ea08ec_like; Type: INDEX; Schema: public; Owner: myusername
--

CREATE INDEX auth_group_name_a6ea08ec_like ON public.auth_group USING btree (name varchar_pattern_ops);


--
-- Name: auth_group_permissions_group_id_b120cbf9; Type: INDEX; Schema: public; Owner: myusername
--

CREATE INDEX auth_group_permissions_group_id_b120cbf9 ON public.auth_group_permissions USING btree (group_id);


--
-- Name: auth_group_permissions_permission_id_84c5c92e; Type: INDEX; Schema: public; Owner: myusername
--

CREATE INDEX auth_group_permissions_permission_id_84c5c92e ON public.auth_group_permissions USING btree (permission_id);


--
-- Name: auth_permission_content_type_id_2f476e4b; Type: INDEX; Schema: public; Owner: myusername
--

CREATE INDEX auth_permission_content_type_id_2f476e4b ON public.auth_permission USING btree (content_type_id);


--
-- Name: auth_user_groups_group_id_97559544; Type: INDEX; Schema: public; Owner: myusername
--

CREATE INDEX auth_user_groups_group_id_97559544 ON public.auth_user_groups USING btree (group_id);


--
-- Name: auth_user_groups_user_id_6a12ed8b; Type: INDEX; Schema: public; Owner: myusername
--

CREATE INDEX auth_user_groups_user_id_6a12ed8b ON public.auth_user_groups USING btree (user_id);


--
-- Name: auth_user_user_permissions_permission_id_1fbb5f2c; Type: INDEX; Schema: public; Owner: myusername
--

CREATE INDEX auth_user_user_permissions_permission_id_1fbb5f2c ON public.auth_user_user_permissions USING btree (permission_id);


--
-- Name: auth_user_user_permissions_user_id_a95ead1b; Type: INDEX; Schema: public; Owner: myusername
--

CREATE INDEX auth_user_user_permissions_user_id_a95ead1b ON public.auth_user_user_permissions USING btree (user_id);


--
-- Name: auth_user_username_6821ab7c_like; Type: INDEX; Schema: public; Owner: myusername
--

CREATE INDEX auth_user_username_6821ab7c_like ON public.auth_user USING btree (username varchar_pattern_ops);


--
-- Name: django_admin_log_content_type_id_c4bce8eb; Type: INDEX; Schema: public; Owner: myusername
--

CREATE INDEX django_admin_log_content_type_id_c4bce8eb ON public.django_admin_log USING btree (content_type_id);


--
-- Name: django_admin_log_user_id_c564eba6; Type: INDEX; Schema: public; Owner: myusername
--

CREATE INDEX django_admin_log_user_id_c564eba6 ON public.django_admin_log USING btree (user_id);


--
-- Name: django_session_expire_date_a5c62663; Type: INDEX; Schema: public; Owner: myusername
--

CREATE INDEX django_session_expire_date_a5c62663 ON public.django_session USING btree (expire_date);


--
-- Name: django_session_session_key_c0390e0f_like; Type: INDEX; Schema: public; Owner: myusername
--

CREATE INDEX django_session_session_key_c0390e0f_like ON public.django_session USING btree (session_key varchar_pattern_ops);


--
-- Name: auth_group_permissions auth_group_permissio_permission_id_84c5c92e_fk_auth_perm; Type: FK CONSTRAINT; Schema: public; Owner: myusername
--

ALTER TABLE ONLY public.auth_group_permissions
    ADD CONSTRAINT auth_group_permissio_permission_id_84c5c92e_fk_auth_perm FOREIGN KEY (permission_id) REFERENCES public.auth_permission(id) DEFERRABLE INITIALLY DEFERRED;


--
-- Name: auth_group_permissions auth_group_permissions_group_id_b120cbf9_fk_auth_group_id; Type: FK CONSTRAINT; Schema: public; Owner: myusername
--

ALTER TABLE ONLY public.auth_group_permissions
    ADD CONSTRAINT auth_group_permissions_group_id_b120cbf9_fk_auth_group_id FOREIGN KEY (group_id) REFERENCES public.auth_group(id) DEFERRABLE INITIALLY DEFERRED;


--
-- Name: auth_permission auth_permission_content_type_id_2f476e4b_fk_django_co; Type: FK CONSTRAINT; Schema: public; Owner: myusername
--

ALTER TABLE ONLY public.auth_permission
    ADD CONSTRAINT auth_permission_content_type_id_2f476e4b_fk_django_co FOREIGN KEY (content_type_id) REFERENCES public.django_content_type(id) DEFERRABLE INITIALLY DEFERRED;


--
-- Name: auth_user_groups auth_user_groups_group_id_97559544_fk_auth_group_id; Type: FK CONSTRAINT; Schema: public; Owner: myusername
--

ALTER TABLE ONLY public.auth_user_groups
    ADD CONSTRAINT auth_user_groups_group_id_97559544_fk_auth_group_id FOREIGN KEY (group_id) REFERENCES public.auth_group(id) DEFERRABLE INITIALLY DEFERRED;


--
-- Name: auth_user_groups auth_user_groups_user_id_6a12ed8b_fk_auth_user_id; Type: FK CONSTRAINT; Schema: public; Owner: myusername
--

ALTER TABLE ONLY public.auth_user_groups
    ADD CONSTRAINT auth_user_groups_user_id_6a12ed8b_fk_auth_user_id FOREIGN KEY (user_id) REFERENCES public.auth_user(id) DEFERRABLE INITIALLY DEFERRED;


--
-- Name: auth_user_user_permissions auth_user_user_permi_permission_id_1fbb5f2c_fk_auth_perm; Type: FK CONSTRAINT; Schema: public; Owner: myusername
--

ALTER TABLE ONLY public.auth_user_user_permissions
    ADD CONSTRAINT auth_user_user_permi_permission_id_1fbb5f2c_fk_auth_perm FOREIGN KEY (permission_id) REFERENCES public.auth_permission(id) DEFERRABLE INITIALLY DEFERRED;


--
-- Name: auth_user_user_permissions auth_user_user_permissions_user_id_a95ead1b_fk_auth_user_id; Type: FK CONSTRAINT; Schema: public; Owner: myusername
--

ALTER TABLE ONLY public.auth_user_user_permissions
    ADD CONSTRAINT auth_user_user_permissions_user_id_a95ead1b_fk_auth_user_id FOREIGN KEY (user_id) REFERENCES public.auth_user(id) DEFERRABLE INITIALLY DEFERRED;


--
-- Name: django_admin_log django_admin_log_content_type_id_c4bce8eb_fk_django_co; Type: FK CONSTRAINT; Schema: public; Owner: myusername
--

ALTER TABLE ONLY public.django_admin_log
    ADD CONSTRAINT django_admin_log_content_type_id_c4bce8eb_fk_django_co FOREIGN KEY (content_type_id) REFERENCES public.django_content_type(id) DEFERRABLE INITIALLY DEFERRED;


--
-- Name: django_admin_log django_admin_log_user_id_c564eba6_fk_auth_user_id; Type: FK CONSTRAINT; Schema: public; Owner: myusername
--

ALTER TABLE ONLY public.django_admin_log
    ADD CONSTRAINT django_admin_log_user_id_c564eba6_fk_auth_user_id FOREIGN KEY (user_id) REFERENCES public.auth_user(id) DEFERRABLE INITIALLY DEFERRED;


--
-- PostgreSQL database dump complete
--

